arm,lockin,coop,open_coop,proposal,proposal_frac,intention_only_frac,msg_len
L0_none,0.0,0.625,0.5,0,0.0,0.0,0.0
L0_none,0.0,0.625,0.16666666666666666,0,0.0,0.0,0.0
L0_none,1.0,0.875,1.0,0,0.0,0.0,0.0
L0_none,0.0,0.125,0.5,0,0.0,0.0,0.0
L0_none,0.0,0.7916666666666666,0.8333333333333334,0,0.0,0.0,0.0
L0_none,0.0,0.35,1.0,0,0.0,0.0,0.0
L0_none,1.0,1.0,1.0,0,0.0,0.0,0.0
L0_none,0.0,0.3,0.5,0,0.0,0.0,0.0
L0_none,0.0,0.525,1.0,0,0.0,0.0,0.0
L0_none,0.0,0.25,0.5,0,0.0,0.0,0.0
L0_none,1.0,1.0,1.0,0,0.0,0.0,0.0
L0_none,0.0,0.2647058823529412,0.8333333333333334,0,0.0,0.0,0.0
L0_none,0.0,0.375,0.5,0,0.0,0.0,0.0
L0_none,0.0,0.05,0.3333333333333333,0,0.0,0.0,0.0
L0_none,0.0,0.175,0.5,0,0.0,0.0,0.0
L0_none,0.0,0.1,0.3333333333333333,0,0.0,0.0,0.0
L0_none,0.0,0.725,1.0,0,0.0,0.0,0.0
L0_none,0.0,0.21428571428571427,0.3333333333333333,0,0.0,0.0,0.0
L0_none,0.0,0.2857142857142857,0.3333333333333333,0,0.0,0.0,0.0
L0_none,0.0,0.225,0.5,0,0.0,0.0,0.0
L0_none,0.0,0.5833333333333334,1.0,0,0.0,0.0,0.0
L0_none,0.0,0.7,0.6666666666666666,0,0.0,0.0,0.0
L0_none,0.0,0.6,0.5,0,0.0,0.0,0.0
L0_none,0.0,0.6875,0.5,0,0.0,0.0,0.0
L0_none,1.0,0.8125,0.6666666666666666,0,0.0,0.0,0.0
L0_none,1.0,0.875,0.8333333333333334,0,0.0,0.0,0.0
L0_none,0.0,0.45,1.0,0,0.0,0.0,0.0
L0_none,0.0,0.625,0.5,0,0.0,0.0,0.0
L0_none,0.0,0.15,0.5,0,0.0,0.0,0.0
L0_none,1.0,1.0,1.0,0,0.0,0.0,0.0
L0_none,0.0,0.325,1.0,0,0.0,0.0,0.0
L0_none,0.0,0.175,0.5,0,0.0,0.0,0.0
L0_none,1.0,0.9,1.0,0,0.0,0.0,0.0
L0_none,1.0,1.0,1.0,0,0.0,0.0,0.0
L0_none,0.0,0.20588235294117646,0.5,0,0.0,0.0,0.0
L0_none,0.0,0.125,0.3333333333333333,0,0.0,0.0,0.0
L0_none,0.0,0.125,0.3333333333333333,0,0.0,0.0,0.0
L0_none,0.0,0.05,0.3333333333333333,0,0.0,0.0,0.0
L0_none,0.0,0.35,1.0,0,0.0,0.0,0.0
L0_none,0.0,0.1,0.3333333333333333,0,0.0,0.0,0.0
L0_none,0.0,0.42857142857142855,0.5,0,0.0,0.0,0.0
L0_none,1.0,1.0,1.0,0,0.0,0.0,0.0
L0_none,0.0,0.2,0.5,0,0.0,0.0,0.0
L0_none,1.0,0.8333333333333334,1.0,0,0.0,0.0,0.0
L0_none,0.0,0.35,0.8333333333333334,0,0.0,0.0,0.0
L0_none,0.0,0.7,1.0,0,0.0,0.0,0.0
L1_signal,1.0,0.875,1.0,0,0.0,1.0,21.25
L1_signal,0.0,0.4375,0.5,0,0.0,1.0,21.25
L1_signal,1.0,0.8125,0.8333333333333334,0,0.0,1.0,20.875
L1_signal,0.0,0.0,0.0,0,0.0,1.0,19.675
L1_signal,0.0,0.041666666666666664,0.16666666666666666,0,0.0,1.0,19.625
L1_signal,0.0,0.025,0.16666666666666666,0,0.0,1.0,20.05
L1_signal,0.0,0.0,0.0,0,0.0,1.0,22.0
L1_signal,0.0,0.0,0.0,0,0.0,1.0,19.75
L1_signal,0.0,0.0,0.0,0,0.0,1.0,19.75
L1_signal,0.0,0.05,0.16666666666666666,0,0.0,1.0,20.5
L1_signal,0.0,0.0,0.0,0,0.0,1.0,21.0
L1_signal,0.0,0.029411764705882353,0.16666666666666666,0,0.0,1.0,19.61764705882353
L1_signal,0.0,0.0,0.0,0,0.0,1.0,19.525
L1_signal,0.0,0.075,0.5,0,0.0,1.0,20.65
L1_signal,0.0,0.025,0.16666666666666666,0,0.0,1.0,19.6
L1_signal,0.0,0.025,0.16666666666666666,0,0.0,1.0,19.525
L1_signal,0.0,0.05,0.16666666666666666,0,0.0,1.0,19.525
L1_signal,0.0,0.0,0.0,0,0.0,1.0,20.071428571428573
L1_signal,0.0,0.14285714285714285,0.3333333333333333,0,0.0,1.0,21.142857142857142
L1_signal,0.0,0.175,0.8333333333333334,0,0.0,1.0,20.725
L1_signal,0.0,0.041666666666666664,0.16666666666666666,0,0.0,1.0,19.875
L1_signal,0.0,0.0,0.0,0,0.0,1.0,19.675
L1_signal,0.0,0.3,0.3333333333333333,0,0.0,1.0,21.7
L1_signal,0.0,0.75,0.6666666666666666,0,0.0,1.0,21.4375
L1_signal,0.0,0.6875,0.6666666666666666,0,0.0,1.0,20.6875
L1_signal,0.0,0.75,1.0,0,0.0,1.0,21.25
L1_signal,0.0,0.025,0.16666666666666666,0,0.0,1.0,19.75
L1_signal,0.0,0.0,0.0,0,0.0,1.0,19.75
L1_signal,0.0,0.025,0.16666666666666666,0,0.0,1.0,19.825
L1_signal,0.0,0.5,0.5,0,0.0,1.0,22.0
L1_signal,0.0,0.075,0.3333333333333333,0,0.0,1.0,19.975
L1_signal,0.0,0.025,0.16666666666666666,0,0.0,1.0,19.975
L1_signal,0.0,0.35,0.5,0,0.0,1.0,22.0
L1_signal,0.0,0.3333333333333333,0.3333333333333333,0,0.0,1.0,21.5
L1_signal,0.0,0.029411764705882353,0.16666666666666666,0,0.0,1.0,19.88235294117647
L1_signal,0.0,0.05,0.3333333333333333,0,0.0,1.0,20.05
L1_signal,0.0,0.025,0.16666666666666666,0,0.0,1.0,19.675
L1_signal,0.0,0.275,1.0,0,0.0,1.0,20.725
L1_signal,0.0,0.025,0.16666666666666666,0,0.0,1.0,20.575
L1_signal,0.0,0.025,0.16666666666666666,0,0.0,1.0,19.525
L1_signal,0.0,0.07142857142857142,0.16666666666666666,0,0.0,1.0,20.928571428571427
L1_signal,0.0,0.07142857142857142,0.16666666666666666,0,0.0,1.0,21.142857142857142
L1_signal,0.0,0.025,0.16666666666666666,0,0.0,1.0,20.275
L1_signal,0.0,0.3333333333333333,0.8333333333333334,0,0.0,1.0,21.75
L1_signal,0.0,0.025,0.16666666666666666,0,0.0,1.0,19.675
L1_signal,0.0,0.1,0.0,0,0.0,1.0,21.7
L2_observed,0.0,0.625,0.6666666666666666,1,1.0,0.0,56.0
L2_observed,0.0,0.75,0.8333333333333334,1,1.0,0.0,56.0
L2_observed,0.0,0.625,0.8333333333333334,1,1.0,0.0,56.0
L2_observed,0.0,0.3,1.0,1,0.75,0.15,147.575
L2_observed,1.0,1.0,1.0,1,1.0,0.0,140.29166666666666
L2_observed,0.0,0.75,1.0,1,1.0,0.0,167.2
L2_observed,1.0,1.0,1.0,1,1.0,0.0,80.0
L2_observed,1.0,0.85,1.0,1,1.0,0.0,164.1
L2_observed,1.0,0.95,1.0,1,1.0,0.0,149.6
L2_observed,1.0,1.0,1.0,1,1.0,0.0,147.7
L2_observed,1.0,1.0,1.0,1,1.0,0.0,109.83333333333333
L2_observed,0.0,0.6764705882352942,0.3333333333333333,1,0.9411764705882353,0.058823529411764705,179.23529411764707
L2_observed,0.0,0.575,1.0,1,1.0,0.0,148.775
L2_observed,0.0,0.05,0.16666666666666666,1,1.0,0.0,144.45
L2_observed,0.0,0.775,1.0,1,1.0,0.0,139.525
L2_observed,1.0,0.95,1.0,1,1.0,0.0,131.375
L2_observed,0.0,0.35,1.0,1,1.0,0.0,136.675
L2_observed,1.0,1.0,1.0,1,1.0,0.0,134.21428571428572
L2_observed,1.0,1.0,1.0,1,1.0,0.0,116.35714285714286
L2_observed,1.0,0.925,1.0,1,1.0,0.0,176.025
L2_observed,0.0,0.6666666666666666,1.0,1,1.0,0.0,156.70833333333334
L2_observed,1.0,1.0,1.0,1,1.0,0.0,138.75
L2_observed,1.0,1.0,1.0,1,1.0,0.0,115.0
L2_observed,1.0,0.8125,0.6666666666666666,1,1.0,0.0,56.0
L2_observed,0.0,0.5625,0.6666666666666666,1,1.0,0.0,56.0
L2_observed,0.0,0.75,0.6666666666666666,1,1.0,0.0,56.0
L2_observed,1.0,0.975,1.0,1,1.0,0.0,193.1
L2_observed,1.0,1.0,1.0,1,1.0,0.0,132.45833333333334
L2_observed,0.0,0.7,1.0,1,1.0,0.0,173.45
L2_observed,1.0,1.0,1.0,1,1.0,0.0,101.5
L2_observed,0.0,0.1,0.16666666666666666,1,0.85,0.125,136.6
L2_observed,0.0,0.4,1.0,1,1.0,0.0,134.425
L2_observed,1.0,0.9,1.0,1,1.0,0.0,146.75
L2_observed,1.0,1.0,1.0,1,1.0,0.0,128.16666666666666
L2_observed,0.0,0.14705882352941177,0.5,1,0.7058823529411765,0.0,149.6764705882353
L2_observed,0.0,0.725,1.0,1,1.0,0.0,163.55
L2_observed,0.0,0.15,0.16666666666666666,1,0.45,0.5,149.7
L2_observed,1.0,0.925,1.0,1,1.0,0.0,147.35
L2_observed,1.0,0.9,1.0,1,1.0,0.0,141.15
L2_observed,0.0,0.45,1.0,1,1.0,0.0,139.35
L2_observed,1.0,1.0,1.0,1,1.0,0.0,106.21428571428571
L2_observed,1.0,1.0,1.0,1,1.0,0.0,146.64285714285714
L2_observed,0.0,0.675,1.0,1,1.0,0.0,166.35
L2_observed,1.0,0.9583333333333334,1.0,1,1.0,0.0,164.25
L2_observed,0.0,0.5,1.0,1,1.0,0.0,151.0
L2_observed,1.0,1.0,1.0,1,1.0,0.0,129.4
L3_private,0.0,0.625,0.6666666666666666,1,1.0,0.0,56.0
L3_private,0.0,0.75,0.8333333333333334,1,1.0,0.0,56.0
L3_private,0.0,0.625,0.8333333333333334,1,1.0,0.0,56.0
L3_private,1.0,0.875,1.0,1,1.0,0.0,163.125
L3_private,1.0,0.9583333333333334,1.0,1,1.0,0.0,152.45833333333334
L3_private,1.0,0.95,1.0,1,1.0,0.0,147.925
L3_private,1.0,1.0,1.0,1,1.0,0.0,91.5
L3_private,0.0,0.65,1.0,1,1.0,0.0,143.45
L3_private,1.0,0.975,1.0,1,1.0,0.0,156.925
L3_private,0.0,0.65,1.0,1,1.0,0.0,147.25
L3_private,1.0,1.0,1.0,1,1.0,0.0,122.5
L3_private,0.0,0.7941176470588235,0.3333333333333333,1,0.9705882352941176,0.029411764705882353,165.02941176470588
L3_private,1.0,0.95,1.0,1,1.0,0.0,167.55
L3_private,0.0,0.375,1.0,1,0.925,0.075,155.45
L3_private,0.0,0.125,0.16666666666666666,1,0.45,0.175,166.875
L3_private,0.0,0.675,1.0,1,1.0,0.0,140.4
L3_private,0.0,0.5,1.0,1,1.0,0.0,149.05
L3_private,1.0,0.9285714285714286,1.0,1,1.0,0.0,129.5
L3_private,1.0,0.9285714285714286,1.0,1,1.0,0.0,127.71428571428571
L3_private,0.0,0.7,0.3333333333333333,1,1.0,0.0,179.575
L3_private,0.0,0.625,0.5,1,0.8260869565217391,0.17391304347826086,150.75
L3_private,1.0,0.85,1.0,1,1.0,0.0,145.025
L3_private,1.0,1.0,1.0,1,1.0,0.0,112.5
L3_private,1.0,0.8125,0.6666666666666666,1,1.0,0.0,56.0
L3_private,0.0,0.5625,0.6666666666666666,1,1.0,0.0,56.0
L3_private,0.0,0.75,0.6666666666666666,1,1.0,0.0,56.0
L3_private,0.0,0.8,0.5,1,1.0,0.0,167.45
L3_private,0.0,0.20833333333333334,0.16666666666666666,1,0.9166666666666666,0.0,168.95833333333334
L3_private,1.0,0.9,1.0,1,1.0,0.0,166.475
L3_private,1.0,1.0,1.0,1,1.0,0.0,71.0
L3_private,0.0,0.325,0.5,1,0.975,0.025,175.9
L3_private,0.0,0.25,0.16666666666666666,1,0.975,0.0,146.25
L3_private,1.0,1.0,1.0,1,1.0,0.0,146.55
L3_private,0.0,0.16666666666666666,0.16666666666666666,1,1.0,0.0,115.33333333333333
L3_private,0.0,0.5588235294117647,1.0,1,1.0,0.0,165.11764705882354
L3_private,0.0,0.625,1.0,1,0.975,0.0,165.325
L3_private,0.0,0.075,0.16666666666666666,1,0.775,0.225,185.475
L3_private,0.0,0.25,1.0,1,0.95,0.025,134.825
L3_private,1.0,0.95,1.0,1,1.0,0.0,149.55
L3_private,0.0,0.775,1.0,1,0.975,0.025,170.65
L3_private,1.0,1.0,1.0,1,1.0,0.0,120.0
L3_private,1.0,0.8571428571428571,1.0,1,1.0,0.0,121.42857142857143
L3_private,0.0,0.725,1.0,1,1.0,0.0,159.425
L3_private,1.0,0.9166666666666666,1.0,1,1.0,0.0,148.79166666666666
L3_private,1.0,0.85,0.6666666666666666,1,1.0,0.0,163.575
L3_private,1.0,1.0,1.0,1,1.0,0.0,136.2
L2_observed,1.0,1.0,1.0,1,1.0,0.0,89.5
L2_observed,0.0,0.5,0.5,1,1.0,0.0,65.0
L2_observed,1.0,1.0,1.0,1,1.0,0.0,110.0
L2_observed,1.0,1.0,1.0,1,1.0,0.0,79.0
L2_observed,1.0,1.0,1.0,1,1.0,0.0,92.0
L2_observed,1.0,1.0,1.0,1,1.0,0.0,103.5
L2_observed,1.0,1.0,1.0,1,1.0,0.0,88.0
L2_observed,1.0,1.0,1.0,1,1.0,0.0,72.0
L2_observed,1.0,1.0,1.0,1,1.0,0.0,120.0
L2_observed,1.0,1.0,1.0,1,1.0,0.0,94.0
L2_observed,0.0,0.3611111111111111,0.5,1,0.9444444444444444,0.0,180.25
L2_observed,1.0,0.95,1.0,1,1.0,0.0,139.1
L2_observed,0.0,0.75,1.0,1,0.96875,0.0,140.3125
L2_observed,0.0,0.5909090909090909,1.0,1,0.9090909090909091,0.0,140.45454545454547
L2_observed,0.0,0.6,1.0,1,0.975,0.0,157.85
L2_observed,0.0,0.65,0.8333333333333334,1,1.0,0.0,167.075
L2_observed,0.0,0.1,0.6666666666666666,1,0.7,0.3,162.95
L2_observed,0.0,0.275,1.0,1,1.0,0.0,144.25
L2_observed,0.0,0.21428571428571427,0.5,1,0.9285714285714286,0.07142857142857142,145.14285714285714
L2_observed,1.0,0.875,1.0,1,0.975,0.0,149.625
L0_none,0.0,0.7115384615384616,0.75,0,0.0,0.0,0.0
L0_none,0.0,0.4074074074074074,0.6666666666666666,0,0.0,0.0,0.0
L0_none,0.0,0.34782608695652173,0.75,0,0.0,0.0,0.0
L0_none,0.0,0.2,0.4,0,0.0,0.0,0.0
L0_none,0.0,0.325,0.8333333333333334,0,0.0,0.0,0.0
L0_none,0.0,0.1388888888888889,0.2,0,0.0,0.0,0.0
L0_none,0.0,0.21621621621621623,0.5,0,0.0,0.0,0.0
L0_none,0.0,0.47368421052631576,0.5,0,0.0,0.0,0.0
L0_none,0.0,0.7857142857142857,1.0,0,0.0,0.0,0.0
L0_none,0.0,0.4864864864864865,1.0,0,0.0,0.0,0.0
L0_none,0.0,0.1111111111111111,0.3333333333333333,0,0.0,0.0,0.0
L0_none,0.0,0.125,0.5,0,0.0,0.0,0.0
L0_none,0.0,0.15625,0.5,0,0.0,0.0,0.0
L0_none,0.0,0.13636363636363635,0.3333333333333333,0,0.0,0.0,0.0
L0_none,0.0,0.25,1.0,0,0.0,0.0,0.0
L0_none,0.0,0.65,1.0,0,0.0,0.0,0.0
L0_none,0.0,0.175,0.3333333333333333,0,0.0,0.0,0.0
L0_none,0.0,0.25,1.0,0,0.0,0.0,0.0
L0_none,0.0,0.2857142857142857,0.3333333333333333,0,0.0,0.0,0.0
L0_none,0.0,0.075,0.16666666666666666,0,0.0,0.0,0.0
L0_none,1.0,1.0,1.0,0,0.0,0.0,0.0
L0_none,1.0,0.875,1.0,0,0.0,0.0,0.0
L0_none,1.0,0.925,1.0,0,0.0,0.0,0.0
L0_none,0.0,0.5,0.5,0,0.0,0.0,0.0
L0_none,0.0,0.625,1.0,0,0.0,0.0,0.0
L0_none,0.0,0.8,1.0,0,0.0,0.0,0.0
L0_none,1.0,1.0,1.0,0,0.0,0.0,0.0
L0_none,1.0,1.0,1.0,0,0.0,0.0,0.0
L0_none,0.0,0.47058823529411764,1.0,0,0.0,0.0,0.0
L0_none,0.0,0.15,0.5,0,0.0,0.0,0.0
L0_none,0.0,0.25,0.8333333333333334,0,0.0,0.0,0.0
L0_none,0.0,0.575,1.0,0,0.0,0.0,0.0
L0_none,1.0,1.0,1.0,0,0.0,0.0,0.0
L0_none,0.0,0.5909090909090909,1.0,0,0.0,0.0,0.0
L0_none,0.0,0.275,1.0,0,0.0,0.0,0.0
L0_none,0.0,0.4,1.0,0,0.0,0.0,0.0
L0_none,0.0,0.3,0.8333333333333334,0,0.0,0.0,0.0
L0_none,0.0,0.3,1.0,0,0.0,0.0,0.0
L0_none,0.0,0.42857142857142855,0.8333333333333334,0,0.0,0.0,0.0
L0_none,1.0,0.925,1.0,0,0.0,0.0,0.0
L0_none,0.0,0.34615384615384615,0.5,0,0.0,0.0,0.0
L0_none,0.0,0.25,0.25,0,0.0,0.0,0.0
L0_none,0.0,0.5208333333333334,0.9166666666666666,0,0.0,0.0,0.0
L0_none,0.0,0.36363636363636365,0.5,0,0.0,0.0,0.0
L0_none,0.0,0.15,0.3333333333333333,0,0.0,0.0,0.0
L0_none,0.0,0.125,0.5,0,0.0,0.0,0.0
L0_none,0.0,0.075,0.3333333333333333,0,0.0,0.0,0.0
L0_none,0.0,0.425,0.6666666666666666,0,0.0,0.0,0.0
L0_none,0.0,0.7142857142857143,1.0,0,0.0,0.0,0.0
L0_none,0.0,0.05,0.16666666666666666,0,0.0,0.0,0.0
L0_none,0.0,0.16666666666666666,0.5,0,0.0,0.0,0.0
L0_none,0.0,0.5,0.8333333333333334,0,0.0,0.0,0.0
L0_none,0.0,0.75,1.0,0,0.0,0.0,0.0
L0_none,0.0,0.5454545454545454,1.0,0,0.0,0.0,0.0
L0_none,0.0,0.125,0.3333333333333333,0,0.0,0.0,0.0
L0_none,0.0,0.125,0.5,0,0.0,0.0,0.0
L0_none,0.0,0.225,0.8333333333333334,0,0.0,0.0,0.0
L0_none,0.0,0.35,1.0,0,0.0,0.0,0.0
L0_none,0.0,0.14285714285714285,0.3333333333333333,0,0.0,0.0,0.0
L0_none,0.0,0.3,0.5,0,0.0,0.0,0.0
L1_signal,0.0,0.36538461538461536,0.6666666666666666,0,0.0,1.0,19.942307692307693
L1_signal,0.0,0.2222222222222222,0.5,0,0.0,1.0,20.125
L1_signal,0.0,0.3404255319148936,0.5833333333333334,0,0.0,1.0,19.375
L1_signal,0.0,0.045454545454545456,0.16666666666666666,0,0.0,1.0,20.227272727272727
L1_signal,0.0,0.05,0.16666666666666666,0,0.0,1.0,19.9
L1_signal,0.0,0.0,0.0,0,0.0,1.0,20.2
L1_signal,0.0,0.6,1.0,0,0.0,1.0,21.15
L1_signal,0.0,0.3333333333333333,1.0,0,0.0,1.0,21.1
L1_signal,0.0,0.38461538461538464,0.5,0,0.0,1.0,19.357142857142858
L1_signal,0.0,0.225,1.0,0,0.0,1.0,20.5
L1_signal,0.0,0.027777777777777776,0.16666666666666666,0,0.0,1.0,20.083333333333332
L1_signal,0.0,0.025,0.16666666666666666,0,0.0,1.0,19.975
L1_signal,0.0,0.03125,0.16666666666666666,0,0.0,1.0,20.03125
L1_signal,1.0,0.8181818181818182,1.0,0,0.0,1.0,22.0
L1_signal,0.0,0.0,0.0,0,0.0,1.0,19.675
L1_signal,0.0,0.0,0.0,0,0.0,1.0,19.9
L1_signal,0.0,0.0,0.0,0,0.0,1.0,19.45
L1_signal,0.0,0.05,0.3333333333333333,0,0.0,1.0,19.975
L1_signal,0.0,0.07142857142857142,0.16666666666666666,0,0.0,1.0,20.071428571428573
L1_signal,0.0,0.025,0.16666666666666666,0,0.0,1.0,19.6
L1_signal,0.0,0.075,0.5,0,0.0,1.0,19.975
L1_signal,1.0,1.0,1.0,0,0.0,1.0,22.0
L1_signal,0.0,0.025,0.16666666666666666,0,0.0,1.0,19.9
L1_signal,1.0,1.0,1.0,0,0.0,1.0,22.0
L1_signal,0.0,0.025,0.16666666666666666,0,0.0,1.0,19.825
L1_signal,0.0,0.025,0.16666666666666666,0,0.0,1.0,19.9
L1_signal,0.0,0.1,0.3333333333333333,0,0.0,1.0,20.35
L1_signal,0.0,0.16666666666666666,0.16666666666666666,0,0.0,1.0,21.0
L1_signal,0.0,0.029411764705882353,0.16666666666666666,0,0.0,1.0,19.705882352941178
L1_signal,0.0,0.175,0.5,0,0.0,1.0,20.275
L1_signal,0.0,0.2222222222222222,1.0,0,0.0,1.0,20.416666666666668
L1_signal,0.0,0.025,0.16666666666666666,0,0.0,1.0,19.825
L1_signal,0.0,0.0,0.0,0,0.0,1.0,20.59375
L1_signal,0.0,0.045454545454545456,0.16666666666666666,0,0.0,1.0,20.636363636363637
L1_signal,0.0,0.25,1.0,0,0.0,1.0,21.1
L1_signal,0.0,0.05,0.16666666666666666,0,0.0,1.0,20.275
L1_signal,0.0,0.075,0.16666666666666666,0,0.0,1.0,20.5
L1_signal,0.0,0.05,0.0,0,0.0,1.0,20.5
L1_signal,0.0,0.07142857142857142,0.16666666666666666,0,0.0,1.0,20.5
L1_signal,0.0,0.075,0.0,0,0.0,1.0,20.2
L1_signal,0.0,0.36538461538461536,0.75,0,0.0,1.0,20.96153846153846
L1_signal,0.0,0.25,0.5,0,0.0,1.0,20.928571428571427
L1_signal,0.0,0.3958333333333333,0.6666666666666666,0,0.0,1.0,21.1875
L1_signal,0.0,0.0,0.0,0,0.0,1.0,20.09090909090909
L1_signal,0.0,0.025,0.16666666666666666,0,0.0,1.0,19.975
L1_signal,0.0,0.02564102564102564,0.16666666666666666,0,0.0,1.0,19.975
L1_signal,0.0,0.02631578947368421,0.16666666666666666,0,0.0,1.0,19.9
L1_signal,0.0,0.025,0.16666666666666666,0,0.0,1.0,19.75
L1_signal,0.0,0.07142857142857142,0.16666666666666666,0,0.0,1.0,20.928571428571427
L1_signal,0.0,0.02631578947368421,0.16666666666666666,0,0.0,1.0,18.975
L1_signal,0.0,0.027777777777777776,0.16666666666666666,0,0.0,1.0,20.0
L1_signal,0.0,0.05,0.16666666666666666,0,0.0,1.0,20.575
L1_signal,0.0,0.03125,0.16666666666666666,0,0.0,1.0,19.9375
L1_signal,0.0,0.045454545454545456,0.16666666666666666,0,0.0,1.0,19.681818181818183
L1_signal,0.0,0.0,0.0,0,0.0,1.0,20.2
L1_signal,0.0,0.0,0.0,0,0.0,1.0,20.35
L1_signal,1.0,0.875,1.0,0,0.0,1.0,21.925
L1_signal,0.0,0.025,0.16666666666666666,0,0.0,1.0,20.425
L1_signal,0.0,0.07142857142857142,0.16666666666666666,0,0.0,1.0,18.928571428571427
L1_signal,0.0,0.05,0.3333333333333333,0,0.0,1.0,20.2
L2_observed,1.0,0.9411764705882353,1.0,1,0.9607843137254902,0.0,67.67307692307692
L2_observed,1.0,0.9090909090909091,0.9166666666666666,1,0.9454545454545454,0.0,78.16071428571429
L2_observed,1.0,0.8723404255319149,0.8333333333333334,1,0.9166666666666666,0.0,83.89583333333333
L2_observed,1.0,0.9545454545454546,1.0,1,1.0,0.0,112.77272727272727
L2_observed,1.0,0.95,1.0,1,0.8717948717948718,0.0,106.55
L2_observed,1.0,0.9,1.0,1,0.975,0.0,112.45
L2_observed,0.0,0.4864864864864865,0.75,1,0.725,0.0,115.5
L2_observed,1.0,1.0,1.0,1,1.0,0.0,86.625
L2_observed,1.0,1.0,1.0,1,1.0,0.0,92.07142857142857
L2_observed,0.0,0.717948717948718,1.0,1,0.8717948717948718,0.0,101.575
L2_observed,0.0,0.5277777777777778,1.0,1,0.8888888888888888,0.027777777777777776,189.02777777777777
L2_observed,0.0,0.15,0.3333333333333333,1,0.5641025641025641,0.07692307692307693,158.45
L2_observed,0.0,0.71875,1.0,1,0.9375,0.0,177.71875
L2_observed,0.0,0.18181818181818182,0.3333333333333333,1,0.5454545454545454,0.0,156.54545454545453
L2_observed,0.0,0.2,0.3333333333333333,1,0.375,0.05,175.95
L2_observed,0.0,0.225,0.5,1,0.775,0.1,174.75
L2_observed,0.0,0.125,0.3333333333333333,1,0.375,0.275,128.275
L2_observed,0.0,0.4,0.8333333333333334,1,0.725,0.0,196.575
L2_observed,1.0,1.0,1.0,1,1.0,0.0,186.14285714285714
L2_observed,0.0,0.125,0.3333333333333333,1,0.85,0.0,183.275
L2_observed,1.0,1.0,1.0,1,1.0,0.0,151.05
L2_observed,0.0,0.3333333333333333,0.5,1,0.9166666666666666,0.041666666666666664,193.66666666666666
L2_observed,1.0,0.975,1.0,1,1.0,0.0,189.25
L2_observed,1.0,1.0,1.0,1,1.0,0.0,105.5
L2_observed,1.0,1.0,1.0,1,1.0,0.0,205.65
L2_observed,1.0,1.0,1.0,1,1.0,0.0,179.625
L2_observed,1.0,1.0,1.0,1,1.0,0.0,186.1
L2_observed,1.0,1.0,1.0,1,1.0,0.0,135.66666666666666
L2_observed,1.0,1.0,1.0,1,1.0,0.0,204.73529411764707
L2_observed,1.0,1.0,1.0,1,1.0,0.0,168.625
L2_observed,1.0,1.0,1.0,1,1.0,0.0,104.27777777777777
L2_observed,1.0,1.0,1.0,1,1.0,0.0,73.325
L2_observed,1.0,0.9375,1.0,1,0.9375,0.0,63.34375
L2_observed,1.0,1.0,1.0,1,1.0,0.0,65.81818181818181
L2_observed,1.0,1.0,1.0,1,1.0,0.0,74.25
L2_observed,1.0,0.9,0.3333333333333333,1,0.9,0.0,78.8
L2_observed,1.0,0.95,1.0,1,0.95,0.0,85.7
L2_observed,1.0,1.0,1.0,1,1.0,0.0,85.825
L2_observed,0.0,0.35714285714285715,0.5,1,0.7857142857142857,0.0,84.78571428571429
L2_observed,1.0,1.0,1.0,1,1.0,0.0,66.25
L2_observed,1.0,0.8627450980392157,0.8333333333333334,1,1.0,0.0,117.76923076923077
L2_observed,1.0,0.8571428571428571,0.6666666666666666,1,0.9642857142857143,0.0,115.375
L2_observed,0.0,0.7708333333333334,0.5,1,0.9375,0.0625,131.14583333333334
L2_observed,1.0,0.9090909090909091,1.0,1,1.0,0.0,130.86363636363637
L2_observed,0.0,0.46153846153846156,1.0,1,1.0,0.0,171.775
L2_observed,0.0,0.625,1.0,1,1.0,0.0,145.525
L2_observed,1.0,0.925,1.0,1,0.9736842105263158,0.0,140.975
L2_observed,1.0,0.85,1.0,1,1.0,0.0,141.9
L2_observed,0.0,0.2857142857142857,0.16666666666666666,1,1.0,0.0,156.64285714285714
L2_observed,0.0,0.15789473684210525,0.16666666666666666,1,0.8,0.2,164.525
L2_observed,1.0,0.9444444444444444,1.0,1,0.8888888888888888,0.0,132.72222222222223
L2_observed,0.0,0.525,1.0,1,0.575,0.0,123.75
L2_observed,1.0,0.90625,1.0,1,0.84375,0.0,148.46875
L2_observed,1.0,0.9090909090909091,1.0,1,1.0,0.0,125.86363636363636
L2_observed,1.0,0.9,1.0,1,0.925,0.0,145.65
L2_observed,0.0,0.725,0.6666666666666666,1,0.725,0.0,141.75
L2_observed,0.0,0.425,0.5,1,0.275,0.0,98.55
L2_observed,1.0,0.9,0.5,1,0.875,0.0,151.35
L2_observed,0.0,0.21428571428571427,0.3333333333333333,1,0.5,0.0,141.28571428571428
L2_observed,1.0,0.95,1.0,1,0.875,0.0,132.25
L3_private,1.0,0.9615384615384616,1.0,1,1.0,0.0,82.73076923076923
L3_private,1.0,0.8545454545454545,0.8181818181818182,1,0.9464285714285714,0.0,83.64285714285714
L3_private,1.0,0.8958333333333334,0.8333333333333334,1,1.0,0.0,85.45833333333333
L3_private,1.0,1.0,1.0,1,1.0,0.0,67.72727272727273
L3_private,1.0,1.0,1.0,1,1.0,0.0,105.15
L3_private,1.0,1.0,1.0,1,1.0,0.0,86.15
L3_private,1.0,0.95,1.0,1,0.925,0.0,106.25
L3_private,1.0,1.0,1.0,1,1.0,0.0,101.1
L3_private,1.0,0.8571428571428571,1.0,1,1.0,0.0,95.28571428571429
L3_private,1.0,1.0,1.0,1,1.0,0.0,81.025
L3_private,0.0,0.1388888888888889,0.6666666666666666,1,0.6666666666666666,0.0,153.58333333333334
L3_private,1.0,0.925,1.0,1,1.0,0.0,195.25
L3_private,0.0,0.40625,0.8333333333333334,1,0.625,0.03125,186.5
L3_private,0.0,0.5909090909090909,0.6666666666666666,1,1.0,0.0,170.1818181818182
L3_private,0.0,0.0,0.0,1,0.325,0.0,149.975
L3_private,1.0,0.85,1.0,1,1.0,0.0,236.575
L3_private,0.0,0.025,0.0,1,0.525,0.15,142.525
L3_private,1.0,0.9,0.6666666666666666,1,0.925,0.0,194.225
L3_private,0.0,0.21428571428571427,0.3333333333333333,1,0.7142857142857143,0.0,181.07142857142858
L3_private,1.0,0.95,1.0,1,0.95,0.0,182.85
L3_private,1.0,1.0,1.0,1,1.0,0.0,228.925
L3_private,1.0,1.0,1.0,1,1.0,0.0,200.04166666666666
L3_private,1.0,1.0,1.0,1,1.0,0.0,207.25
L3_private,1.0,1.0,1.0,1,1.0,0.0,135.0
L3_private,1.0,1.0,1.0,1,1.0,0.0,205.0
L3_private,1.0,1.0,1.0,1,1.0,0.0,194.525
L3_private,1.0,1.0,1.0,1,1.0,0.0,166.5
L3_private,1.0,1.0,1.0,1,1.0,0.0,111.83333333333333
L3_private,0.0,0.11764705882352941,0.16666666666666666,1,0.9411764705882353,0.0,202.52941176470588
L3_private,0.0,0.5,0.3333333333333333,1,0.9230769230769231,0.0,239.475
L3_private,1.0,1.0,1.0,1,0.9444444444444444,0.0,70.77777777777777
L3_private,0.0,0.775,0.6666666666666666,1,0.6,0.0,76.8
L3_private,1.0,0.90625,0.5,1,0.875,0.0,68.25
L3_private,1.0,1.0,1.0,1,1.0,0.0,87.68181818181819
L3_private,1.0,0.925,1.0,1,1.0,0.0,82.85
L3_private,1.0,1.0,1.0,1,1.0,0.0,95.125
L3_private,1.0,1.0,1.0,1,1.0,0.0,79.25
L3_private,1.0,1.0,1.0,1,1.0,0.0,75.95
L3_private,1.0,1.0,1.0,1,0.9285714285714286,0.0,81.35714285714286
L3_private,1.0,1.0,1.0,1,1.0,0.0,85.95
L3_private,1.0,0.8461538461538461,0.8333333333333334,1,1.0,0.0,111.48076923076923
L3_private,1.0,0.9090909090909091,0.9166666666666666,1,1.0,0.0,139.08928571428572
L3_private,1.0,0.8333333333333334,0.9166666666666666,1,1.0,0.0,123.60416666666667
L3_private,1.0,1.0,1.0,1,1.0,0.0,158.13636363636363
L3_private,0.0,0.45,1.0,1,0.85,0.1,149.575
L3_private,1.0,0.9487179487179487,1.0,1,1.0,0.0,156.525
L3_private,0.0,0.15,0.3333333333333333,1,1.0,0.0,152.9
L3_private,1.0,0.8461538461538461,1.0,1,1.0,0.0,141.6
L3_private,0.0,0.23076923076923078,0.16666666666666666,1,0.9230769230769231,0.07692307692307693,155.35714285714286
L3_private,1.0,0.95,1.0,1,1.0,0.0,175.775
L3_private,0.0,0.6666666666666666,1.0,1,0.7222222222222222,0.0,130.94444444444446
L3_private,0.0,0.8,0.5,1,0.65,0.0,145.9
L3_private,1.0,0.90625,1.0,1,0.84375,0.0,123.1875
L3_private,1.0,0.9090909090909091,1.0,1,0.9545454545454546,0.0,143.6818181818182
L3_private,1.0,0.875,0.5,1,0.725,0.0,135.85
L3_private,1.0,0.925,1.0,1,0.925,0.0,140.45
L3_private,1.0,0.95,1.0,1,0.925,0.0,153.6
L3_private,1.0,0.95,1.0,1,0.85,0.0,137.825
L3_private,1.0,1.0,1.0,1,0.8571428571428571,0.0,124.21428571428571
L3_private,1.0,1.0,1.0,1,0.125,0.0,130.6
L2_observed,1.0,1.0,1.0,1,1.0,0.0,101.77777777777777
L2_observed,1.0,0.925,1.0,1,0.975,0.0,107.25
L2_observed,1.0,0.9375,1.0,1,0.9375,0.0,102.78125
L2_observed,1.0,0.9090909090909091,1.0,1,1.0,0.0,114.54545454545455
L2_observed,1.0,0.95,1.0,1,0.925,0.0,96.625
L2_observed,1.0,0.9,1.0,1,0.925,0.0,113.475
L2_observed,1.0,0.875,1.0,1,0.875,0.025,88.55
L2_observed,1.0,0.875,1.0,1,0.925,0.0,86.35
L2_observed,0.0,0.7222222222222222,1.0,1,1.0,0.0,167.66666666666666
L2_observed,1.0,0.95,1.0,1,1.0,0.0,135.525
L2_observed,0.0,0.09375,0.16666666666666666,1,0.78125,0.21875,187.5
L2_observed,1.0,1.0,1.0,1,1.0,0.0,121.18181818181819
L2_observed,0.0,0.625,1.0,1,1.0,0.0,154.625
L2_observed,1.0,0.95,1.0,1,1.0,0.0,168.975
L2_observed,0.0,0.1,0.3333333333333333,1,0.6,0.4,187.475
L2_observed,1.0,0.925,1.0,1,1.0,0.0,171.425
L2_observed,1.0,1.0,1.0,1,1.0,0.0,72.63888888888889
L2_observed,1.0,1.0,1.0,1,1.0,0.0,91.45
L2_observed,1.0,0.9375,1.0,1,0.96875,0.0,70.5
L2_observed,1.0,0.9090909090909091,1.0,1,0.9545454545454546,0.0,73.22727272727273
L2_observed,1.0,0.95,1.0,1,0.975,0.0,116.1
L2_observed,1.0,1.0,1.0,1,1.0,0.0,71.325
L2_observed,1.0,0.975,1.0,1,0.975,0.0,93.675
L2_observed,1.0,1.0,1.0,1,1.0,0.0,91.025
L2_observed,0.0,0.2777777777777778,0.8333333333333334,1,0.8611111111111112,0.08333333333333333,166.86111111111111
L2_observed,1.0,0.95,1.0,1,1.0,0.0,146.6
L2_observed,1.0,0.90625,1.0,1,0.96875,0.0,142.65625
L2_observed,1.0,1.0,1.0,1,1.0,0.0,137.77272727272728
L2_observed,0.0,0.8,1.0,1,1.0,0.0,156.425
L2_observed,0.0,0.8,1.0,1,1.0,0.0,143.675
L2_observed,1.0,0.95,1.0,1,1.0,0.0,158.225
L2_observed,0.0,0.625,1.0,1,0.975,0.025,143.65
L2_observed,0.0,0.6111111111111112,0.16666666666666666,1,0.7222222222222222,0.0,116.27777777777777
L2_observed,1.0,0.85,1.0,1,0.875,0.0,85.85
L2_observed,1.0,0.9375,1.0,1,0.90625,0.0,104.34375
L2_observed,1.0,0.9545454545454546,1.0,1,0.9545454545454546,0.0,58.45454545454545
L2_observed,0.0,0.3,0.6666666666666666,1,0.625,0.0,121.425
L2_observed,1.0,0.925,1.0,1,1.0,0.0,79.675
L2_observed,0.0,0.6,1.0,1,0.75,0.0,109.575
L2_observed,1.0,0.925,1.0,1,0.95,0.0,106.2
L2_observed,1.0,0.9444444444444444,1.0,1,1.0,0.0,151.05555555555554
L2_observed,1.0,0.925,1.0,1,1.0,0.0,144.05
L2_observed,1.0,0.84375,1.0,1,1.0,0.0,164.46875
L2_observed,1.0,1.0,1.0,1,1.0,0.0,156.0
L2_observed,0.0,0.725,1.0,1,1.0,0.0,175.675
L2_observed,1.0,0.95,1.0,1,1.0,0.0,168.75
L2_observed,0.0,0.5,0.3333333333333333,1,1.0,0.0,178.7
L2_observed,0.0,0.475,1.0,1,1.0,0.0,173.925
L2_observed,1.0,1.0,1.0,1,1.0,0.0,90.80555555555556
L2_observed,0.0,0.575,1.0,1,0.725,0.0,102.075
L2_observed,1.0,0.90625,1.0,1,0.875,0.0,103.65625
L2_observed,1.0,0.9545454545454546,1.0,1,0.8636363636363636,0.0,103.68181818181819
L2_observed,0.0,0.725,1.0,1,0.85,0.1,99.325
L2_observed,1.0,1.0,1.0,1,1.0,0.0,69.125
L2_observed,1.0,0.95,1.0,1,0.95,0.0,112.925
L2_observed,1.0,1.0,1.0,1,1.0,0.0,84.525
L2_observed,0.0,0.5277777777777778,1.0,1,1.0,0.0,179.22222222222223
L2_observed,0.0,0.625,1.0,1,1.0,0.0,152.975
L2_observed,1.0,0.9375,1.0,1,1.0,0.0,163.53125
L2_observed,1.0,1.0,1.0,1,1.0,0.0,180.3181818181818
L2_observed,0.0,0.2,0.3333333333333333,1,0.6,0.325,181.1
L2_observed,1.0,0.925,1.0,1,1.0,0.0,165.325
L2_observed,0.0,0.675,1.0,1,0.975,0.0,143.875
L2_observed,0.0,0.475,1.0,1,1.0,0.0,143.45
L2_observed,1.0,1.0,1.0,1,1.0,0.0,56.0
L2_observed,0.0,0.75,0.8333333333333334,1,1.0,0.0,56.0
L2_observed,1.0,0.95,1.0,1,0.8,0.0,101.575
L2_observed,1.0,0.875,1.0,1,1.0,0.0,97.20833333333333
L2_observed,1.0,0.85,1.0,1,1.0,0.0,97.275
L2_observed,1.0,1.0,1.0,1,1.0,0.0,90.0
L2_observed,1.0,1.0,1.0,1,1.0,0.0,71.55
L2_observed,0.0,0.65,1.0,1,0.775,0.0,101.75
L2_observed,1.0,1.0,1.0,1,1.0,0.0,97.15
L2_observed,1.0,1.0,1.0,1,1.0,0.0,76.0
L2_observed,1.0,0.8529411764705882,0.5,1,0.9705882352941176,0.0,105.52941176470588
L2_observed,1.0,0.975,1.0,1,0.975,0.0,102.4
L2_observed,1.0,0.95,1.0,1,0.95,0.0,107.25
L2_observed,1.0,0.825,1.0,1,0.85,0.0,95.425
L2_observed,1.0,0.95,1.0,1,0.95,0.0,112.35
L2_observed,1.0,0.9,1.0,1,0.825,0.0,101.75
L2_observed,1.0,1.0,1.0,1,1.0,0.0,86.0
L2_observed,1.0,1.0,1.0,1,1.0,0.0,106.64285714285714
L2_observed,1.0,0.925,1.0,1,0.95,0.0,103.15
L2_observed,0.0,0.3333333333333333,0.5,1,0.5833333333333334,0.0,110.41666666666667
L2_observed,1.0,0.95,1.0,1,0.875,0.0,83.225
L2_observed,1.0,1.0,1.0,1,1.0,0.0,89.8
L2_observed,0.0,0.625,0.6666666666666666,1,1.0,0.0,56.0
L2_observed,0.0,0.75,0.8333333333333334,1,1.0,0.0,56.0
L2_observed,0.0,0.525,0.16666666666666666,1,0.95,0.025,190.625
L2_observed,1.0,0.9583333333333334,1.0,1,1.0,0.0,126.20833333333333
L2_observed,0.0,0.725,1.0,1,1.0,0.0,175.175
L2_observed,0.0,0.5,0.5,1,1.0,0.0,57.5
L2_observed,1.0,0.9,1.0,1,1.0,0.0,168.65
L2_observed,0.0,0.725,1.0,1,1.0,0.0,167.35
L2_observed,1.0,0.9,1.0,1,1.0,0.0,109.75
L2_observed,0.0,0.16666666666666666,0.16666666666666666,1,0.6666666666666666,0.3333333333333333,143.83333333333334
L2_observed,1.0,0.9411764705882353,1.0,1,0.9705882352941176,0.0,153.97058823529412
L2_observed,0.0,0.2,0.5,1,1.0,0.0,164.525
L2_observed,0.0,0.775,1.0,1,1.0,0.0,164.925
L2_observed,1.0,0.975,1.0,1,1.0,0.0,174.85
L2_observed,1.0,1.0,1.0,1,1.0,0.0,127.575
L2_observed,1.0,0.825,1.0,1,1.0,0.0,153.8
L2_observed,1.0,1.0,1.0,1,1.0,0.0,112.57142857142857
L2_observed,0.0,0.21428571428571427,0.5,1,0.8571428571428571,0.14285714285714285,123.78571428571429
L2_observed,0.0,0.125,0.5,1,0.95,0.05,167.775
L2_observed,0.0,0.3333333333333333,0.5,1,1.0,0.0,145.16666666666666
L2_observed,1.0,0.925,1.0,1,1.0,0.0,136.425
L2_observed,1.0,1.0,1.0,1,1.0,0.0,111.0
L0_none,0.0,0.75,0.6666666666666666,0,0.0,0.0,0.0
L0_none,0.0,0.75,0.6666666666666666,0,0.0,0.0,0.0
L0_none,0.0,0.45,0.8333333333333334,0,0.0,0.0,0.0
L0_none,0.0,0.75,0.5,0,0.0,0.0,0.0
L0_none,0.0,0.25,0.8333333333333334,0,0.0,0.0,0.0
L0_none,1.0,1.0,1.0,0,0.0,0.0,0.0
L0_none,0.0,0.2,0.5,0,0.0,0.0,0.0
L0_none,0.0,0.15,0.3333333333333333,0,0.0,0.0,0.0
L0_none,0.0,0.2,0.5,0,0.0,0.0,0.0
L0_none,0.0,0.3333333333333333,0.3333333333333333,0,0.0,0.0,0.0
L0_none,1.0,0.8235294117647058,1.0,0,0.0,0.0,0.0
L0_none,0.0,0.55,1.0,0,0.0,0.0,0.0
L0_none,0.0,0.15,0.5,0,0.0,0.0,0.0
L0_none,0.0,0.175,0.5,0,0.0,0.0,0.0
L0_none,0.0,0.625,0.5,0,0.0,0.0,0.0
L0_none,0.0,0.525,1.0,0,0.0,0.0,0.0
L0_none,0.0,0.35714285714285715,0.5,0,0.0,0.0,0.0
L0_none,0.0,0.6428571428571429,0.5,0,0.0,0.0,0.0
L0_none,0.0,0.2,0.6666666666666666,0,0.0,0.0,0.0
L0_none,0.0,0.20833333333333334,0.5,0,0.0,0.0,0.0
L0_none,0.0,0.175,0.5,0,0.0,0.0,0.0
L0_none,0.0,0.5,0.6666666666666666,0,0.0,0.0,0.0
L0_none,1.0,0.875,0.8333333333333334,0,0.0,0.0,0.0
L0_none,0.0,0.5,0.5,0,0.0,0.0,0.0
L0_none,0.0,0.3,1.0,0,0.0,0.0,0.0
L0_none,0.0,0.5,1.0,0,0.0,0.0,0.0
L0_none,0.0,0.6,1.0,0,0.0,0.0,0.0
L0_none,1.0,1.0,1.0,0,0.0,0.0,0.0
L0_none,0.0,0.225,0.5,0,0.0,0.0,0.0
L0_none,0.0,0.15,0.6666666666666666,0,0.0,0.0,0.0
L0_none,0.0,0.15,0.3333333333333333,0,0.0,0.0,0.0
L0_none,0.0,0.3333333333333333,0.3333333333333333,0,0.0,0.0,0.0
L0_none,0.0,0.17647058823529413,0.5,0,0.0,0.0,0.0
L0_none,0.0,0.425,1.0,0,0.0,0.0,0.0
L0_none,0.0,0.25,0.3333333333333333,0,0.0,0.0,0.0
L0_none,0.0,0.575,1.0,0,0.0,0.0,0.0
L0_none,0.0,0.3,0.3333333333333333,0,0.0,0.0,0.0
L0_none,0.0,0.125,0.5,0,0.0,0.0,0.0
L0_none,0.0,0.42857142857142855,0.5,0,0.0,0.0,0.0
L0_none,0.0,0.5,0.8333333333333334,0,0.0,0.0,0.0
L0_none,0.0,0.175,0.5,0,0.0,0.0,0.0
L0_none,0.0,0.4166666666666667,0.6666666666666666,0,0.0,0.0,0.0
L0_none,0.0,0.525,0.6666666666666666,0,0.0,0.0,0.0
L0_none,0.0,0.7,1.0,0,0.0,0.0,0.0
L0_none,0.0,0.38636363636363635,0.8333333333333334,0,0.0,0.0,0.0
L0_none,0.0,0.20833333333333334,0.5,0,0.0,0.0,0.0
L0_none,0.0,0.25,0.6666666666666666,0,0.0,0.0,0.0
L0_none,0.0,0.4090909090909091,0.6666666666666666,0,0.0,0.0,0.0
L0_none,0.0,0.25,0.5,0,0.0,0.0,0.0
L0_none,0.0,0.15,0.3333333333333333,0,0.0,0.0,0.0
L0_none,0.0,0.225,0.3333333333333333,0,0.0,0.0,0.0
L0_none,0.0,0.225,0.5,0,0.0,0.0,0.0
L0_none,0.0,0.42857142857142855,0.8333333333333334,0,0.0,0.0,0.0
L0_none,0.0,0.2,0.5,0,0.0,0.0,0.0
L0_none,0.0,0.75,0.9166666666666666,0,0.0,0.0,0.0
L0_none,0.0,0.2916666666666667,0.5,0,0.0,0.0,0.0
L0_none,0.0,0.53125,0.8333333333333334,0,0.0,0.0,0.0
L0_none,0.0,0.5909090909090909,1.0,0,0.0,0.0,0.0
L0_none,0.0,0.45,1.0,0,0.0,0.0,0.0
L0_none,0.0,0.225,0.8333333333333334,0,0.0,0.0,0.0
L0_none,0.0,0.225,0.6666666666666666,0,0.0,0.0,0.0
L0_none,0.0,0.1,0.3333333333333333,0,0.0,0.0,0.0
L0_none,0.0,0.35714285714285715,0.5,0,0.0,0.0,0.0
L0_none,0.0,0.325,1.0,0,0.0,0.0,0.0
L0_none,0.0,0.625,0.5,0,0.0,0.0,0.0
L0_none,0.0,0.75,0.6666666666666666,0,0.0,0.0,0.0
L0_none,0.0,0.3,0.8333333333333334,0,0.0,0.0,0.0
L0_none,0.0,0.3333333333333333,0.8333333333333334,0,0.0,0.0,0.0
L0_none,0.0,0.225,0.6666666666666666,0,0.0,0.0,0.0
L0_none,1.0,1.0,1.0,0,0.0,0.0,0.0
L0_none,0.0,0.2,0.6666666666666666,0,0.0,0.0,0.0
L0_none,0.0,0.425,1.0,0,0.0,0.0,0.0
L0_none,0.0,0.15,0.5,0,0.0,0.0,0.0
L0_none,1.0,1.0,1.0,0,0.0,0.0,0.0
L0_none,0.0,0.5294117647058824,1.0,0,0.0,0.0,0.0
L0_none,0.0,0.2,0.6666666666666666,0,0.0,0.0,0.0
L0_none,0.0,0.225,0.5,0,0.0,0.0,0.0
L0_none,0.0,0.6,1.0,0,0.0,0.0,0.0
L0_none,0.0,0.2,0.5,0,0.0,0.0,0.0
L0_none,0.0,0.65,1.0,0,0.0,0.0,0.0
L0_none,0.0,0.35714285714285715,0.5,0,0.0,0.0,0.0
L0_none,0.0,0.7142857142857143,1.0,0,0.0,0.0,0.0
L0_none,0.0,0.775,0.5,0,0.0,0.0,0.0
L0_none,0.0,0.375,0.8333333333333334,0,0.0,0.0,0.0
L0_none,0.0,0.2,0.5,0,0.0,0.0,0.0
L0_none,0.0,0.7,0.8333333333333334,0,0.0,0.0,0.0
L0_none,0.0,0.625,0.5,0,0.0,0.0,0.0
L0_none,0.0,0.375,0.16666666666666666,0,0.0,0.0,0.0
L0_none,0.0,0.1,0.3333333333333333,0,0.0,0.0,0.0
L0_none,0.0,0.125,0.3333333333333333,0,0.0,0.0,0.0
L0_none,0.0,0.8,1.0,0,0.0,0.0,0.0
L0_none,0.0,0.5,0.5,0,0.0,0.0,0.0
L0_none,0.0,0.65,1.0,0,0.0,0.0,0.0
L0_none,0.0,0.425,1.0,0,0.0,0.0,0.0
L0_none,1.0,0.85,1.0,0,0.0,0.0,0.0
L0_none,1.0,0.8333333333333334,0.8333333333333334,0,0.0,0.0,0.0
L0_none,0.0,0.11764705882352941,0.3333333333333333,0,0.0,0.0,0.0
L0_none,0.0,0.65,0.5,0,0.0,0.0,0.0
L0_none,0.0,0.1,0.3333333333333333,0,0.0,0.0,0.0
L0_none,0.0,0.5,1.0,0,0.0,0.0,0.0
L0_none,0.0,0.5,0.8333333333333334,0,0.0,0.0,0.0
L0_none,0.0,0.775,1.0,0,0.0,0.0,0.0
L0_none,0.0,0.7142857142857143,0.8333333333333334,0,0.0,0.0,0.0
L0_none,0.0,0.14285714285714285,0.3333333333333333,0,0.0,0.0,0.0
L0_none,0.0,0.625,1.0,0,0.0,0.0,0.0
L0_none,0.0,0.3333333333333333,0.6666666666666666,0,0.0,0.0,0.0
L0_none,1.0,0.825,1.0,0,0.0,0.0,0.0
L0_none,0.0,0.5,0.8333333333333334,0,0.0,0.0,0.0
L0_none,0.0,0.18181818181818182,0.4166666666666667,0,0.0,0.0,0.0
L0_none,0.0,0.125,0.25,0,0.0,0.0,0.0
L0_none,1.0,0.875,1.0,0,0.0,0.0,0.0
L0_none,0.0,0.045454545454545456,0.16666666666666666,0,0.0,0.0,0.0
L0_none,0.0,0.125,0.5,0,0.0,0.0,0.0
L0_none,0.0,0.1,0.3333333333333333,0,0.0,0.0,0.0
L0_none,0.0,0.625,0.6666666666666666,0,0.0,0.0,0.0
L0_none,0.0,0.05,0.3333333333333333,0,0.0,0.0,0.0
L0_none,0.0,0.7857142857142857,1.0,0,0.0,0.0,0.0
L0_none,0.0,0.3,0.6666666666666666,0,0.0,0.0,0.0
L0_none,0.0,0.7954545454545454,0.75,0,0.0,0.0,0.0
L0_none,0.0,0.16666666666666666,0.3333333333333333,0,0.0,0.0,0.0
L0_none,0.0,0.4375,0.6666666666666666,0,0.0,0.0,0.0
L0_none,1.0,0.9090909090909091,1.0,0,0.0,0.0,0.0
L0_none,0.0,0.35,1.0,0,0.0,0.0,0.0
L0_none,0.0,0.375,1.0,0,0.0,0.0,0.0
L0_none,0.0,0.2,0.3333333333333333,0,0.0,0.0,0.0
L0_none,0.0,0.625,0.8333333333333334,0,0.0,0.0,0.0
L0_none,0.0,0.5714285714285714,0.8333333333333334,0,0.0,0.0,0.0
L0_none,0.0,0.4,1.0,0,0.0,0.0,0.0
C1:free,0.0,0.775,1.0,1,1.0,0.0,161.775
C1:free,0.0,0.4583333333333333,0.8333333333333334,1,1.0,0.0,136.58333333333334
C1:free,1.0,0.875,1.0,1,1.0,0.0,167.0
C1:free,0.0,0.0,0.0,1,1.0,0.0,73.0
C1:free,0.0,0.375,0.5,1,1.0,0.0,170.925
C1:free,0.0,0.45,1.0,1,1.0,0.0,153.725
C1:free,1.0,1.0,1.0,1,1.0,0.0,149.85
C1:free,0.0,0.16666666666666666,0.16666666666666666,1,1.0,0.0,105.33333333333333
C1:free,1.0,0.9411764705882353,1.0,1,1.0,0.0,157.0
C1:free,1.0,1.0,1.0,1,1.0,0.0,141.175
C1:free,1.0,1.0,1.0,1,1.0,0.0,129.75
C1:free,0.0,0.675,1.0,1,1.0,0.0,182.75
C1:free,0.0,0.8,1.0,1,1.0,0.0,164.5
C1:free,1.0,0.95,1.0,1,1.0,0.0,139.3
C1:free,1.0,0.9285714285714286,0.8333333333333334,1,1.0,0.0,129.14285714285714
C1:free,1.0,1.0,1.0,1,1.0,0.0,117.78571428571429
C1:free,1.0,0.975,1.0,1,1.0,0.0,131.875
C1:free,1.0,0.9583333333333334,1.0,1,1.0,0.0,122.58333333333333
C1:free,0.0,0.2,0.6666666666666666,1,1.0,0.0,187.9
C1:free,1.0,1.0,1.0,1,1.0,0.0,138.7
C1:restricted,0.0,0.1,0.5,0,0.0,1.0,20.525
C1:restricted,0.0,0.041666666666666664,0.16666666666666666,0,0.0,1.0,25.875
C1:restricted,0.0,0.025,0.16666666666666666,0,0.0,1.0,14.675
C1:restricted,0.0,0.5,0.5,0,0.0,1.0,11.5
C1:restricted,0.0,0.0,0.0,0,0.0,1.0,10.65
C1:restricted,0.0,0.075,0.5,0,0.0,1.0,21.325
C1:restricted,0.0,0.0,0.0,0,0.0,1.0,20.2
C1:restricted,0.0,0.0,0.0,0,0.0,1.0,21.5
C1:restricted,0.0,0.0,0.0,0,0.0,1.0,24.941176470588236
C1:restricted,0.0,0.025,0.16666666666666666,0,0.0,1.0,14.125
C1:restricted,0.0,0.025,0.16666666666666666,0,0.0,1.0,25.45
C1:restricted,0.0,0.025,0.16666666666666666,0,0.0,1.0,25.6
C1:restricted,0.0,0.025,0.0,0,0.0,1.0,10.525
C1:restricted,0.0,0.0,0.0,0,0.0,1.0,24.625
C1:restricted,0.0,0.07142857142857142,0.16666666666666666,0,0.0,1.0,23.714285714285715
C1:restricted,0.0,0.14285714285714285,0.3333333333333333,0,0.0,1.0,23.5
C1:restricted,0.0,0.0,0.0,0,0.0,1.0,25.45
C1:restricted,0.0,0.0,0.0,0,0.0,1.0,24.416666666666668
C1:restricted,0.0,0.075,0.5,0,0.0,1.0,20.175
C1:restricted,0.0,0.1,0.16666666666666666,0,0.0,1.0,25.4
C1:selected,0.0,0.05,0.3333333333333333,0,0.0,1.0,19.75
C1:selected,0.0,0.041666666666666664,0.16666666666666666,0,0.0,1.0,20.375
C1:selected,0.0,0.025,0.16666666666666666,0,0.0,1.0,19.75
C1:selected,1.0,1.0,1.0,0,0.0,1.0,22.0
C1:selected,0.0,0.05,0.3333333333333333,0,0.0,1.0,19.975
C1:selected,0.0,0.025,0.16666666666666666,0,0.0,1.0,19.75
C1:selected,0.0,0.1,0.3333333333333333,0,0.0,1.0,20.35
C1:selected,0.0,0.0,0.0,0,0.0,1.0,21.0
C1:selected,0.0,0.20588235294117646,0.5,0,0.0,1.0,21.647058823529413
C1:selected,0.0,0.0,0.0,0,0.0,1.0,19.975
C1:selected,0.0,0.025,0.16666666666666666,0,0.0,1.0,20.05
C1:selected,0.0,0.0,0.0,0,0.0,1.0,19.6
C1:selected,0.0,0.05,0.16666666666666666,0,0.0,1.0,19.675
C1:selected,0.0,0.025,0.0,0,0.0,1.0,20.425
C1:selected,0.0,0.07142857142857142,0.16666666666666666,0,0.0,1.0,20.285714285714285
C1:selected,0.0,0.0,0.0,0,0.0,1.0,20.285714285714285
C1:selected,0.0,0.1,0.5,0,0.0,1.0,20.275
C1:selected,0.0,0.08333333333333333,0.16666666666666666,0,0.0,1.0,20.75
C1:selected,0.0,0.05,0.16666666666666666,0,0.0,1.0,19.975
C1:selected,0.0,0.0,0.0,0,0.0,1.0,20.5
L0_none,0.0,0.16666666666666666,0.3333333333333333,0,0.0,0.0,0.0
L0_none,0.0,0.375,0.5,0,0.0,0.0,0.0
L0_none,0.0,0.5416666666666666,0.5,0,0.0,0.0,0.0
L0_none,0.0,0.45454545454545453,0.6666666666666666,0,0.0,0.0,0.0
L0_none,0.0,0.4166666666666667,0.8333333333333334,0,0.0,0.0,0.0
L0_none,0.0,0.20833333333333334,0.16666666666666666,0,0.0,0.0,0.0
L0_none,0.0,0.75,0.16666666666666666,0,0.0,0.0,0.0
L0_none,0.0,0.375,0.5,0,0.0,0.0,0.0
L0_none,0.0,0.21428571428571427,0.16666666666666666,0,0.0,0.0,0.0
L0_none,1.0,0.875,1.0,0,0.0,0.0,0.0
L2_observed,1.0,1.0,1.0,1,1.0,0.0,142.45833333333334
L2_observed,1.0,0.875,1.0,1,1.0,0.0,143.16666666666666
L2_observed,1.0,1.0,1.0,1,1.0,0.0,148.29166666666666
L2_observed,1.0,1.0,1.0,1,1.0,0.0,135.9090909090909
L2_observed,1.0,1.0,1.0,1,1.0,0.0,156.5
L2_observed,1.0,0.8333333333333334,1.0,1,1.0,0.0,142.79166666666666
L2_observed,1.0,0.875,1.0,1,1.0,0.0,117.45833333333333
L2_observed,1.0,1.0,1.0,1,1.0,0.0,142.0
L2_observed,1.0,1.0,1.0,1,1.0,0.0,143.64285714285714
L2_observed,1.0,1.0,1.0,1,1.0,0.0,119.125
L3_private,0.0,0.5,0.3333333333333333,1,0.75,0.25,186.33333333333334
L3_private,1.0,0.875,1.0,1,1.0,0.0,161.70833333333334
L3_private,1.0,1.0,1.0,1,1.0,0.0,158.33333333333334
L3_private,1.0,0.9545454545454546,1.0,1,0.9523809523809523,0.0,144.6818181818182
L3_private,1.0,1.0,1.0,1,1.0,0.0,194.375
L3_private,0.0,0.75,0.16666666666666666,1,0.875,0.08333333333333333,138.83333333333334
L3_private,1.0,1.0,1.0,1,1.0,0.0,161.08333333333334
L3_private,1.0,0.875,0.5,1,1.0,0.0,128.625
L3_private,1.0,1.0,1.0,1,1.0,0.0,160.14285714285714
L3_private,0.0,0.125,0.3333333333333333,1,1.0,0.0,167.79166666666666
L0_none,0.0,0.40625,0.5,0,0.0,0.0,0.0
L0_none,0.0,0.65625,0.5,0,0.0,0.0,0.0
L0_none,0.0,0.16666666666666666,0.3333333333333333,0,0.0,0.0,0.0
L0_none,1.0,0.8181818181818182,0.8333333333333334,0,0.0,0.0,0.0
L0_none,1.0,0.9166666666666666,1.0,0,0.0,0.0,0.0
L0_none,0.0,0.5833333333333334,1.0,0,0.0,0.0,0.0
L0_none,0.0,0.4166666666666667,0.8333333333333334,0,0.0,0.0,0.0
L0_none,1.0,0.9166666666666666,1.0,0,0.0,0.0,0.0
L0_none,0.0,0.2857142857142857,0.5,0,0.0,0.0,0.0
L0_none,0.0,0.125,0.3333333333333333,0,0.0,0.0,0.0
L2_observed,1.0,0.90625,0.8333333333333334,1,1.0,0.0,93.78125
L2_observed,1.0,0.9375,0.9166666666666666,1,1.0,0.0,128.15625
L2_observed,1.0,0.9583333333333334,1.0,1,1.0,0.0,141.70833333333334
L2_observed,0.0,0.13636363636363635,0.16666666666666666,1,0.7272727272727273,0.2727272727272727,171.72727272727272
L2_observed,1.0,1.0,1.0,1,1.0,0.0,105.41666666666667
L2_observed,1.0,0.9166666666666666,1.0,1,1.0,0.0,157.125
L2_observed,1.0,0.9166666666666666,1.0,1,1.0,0.0,138.29166666666666
L2_observed,1.0,0.9583333333333334,1.0,1,1.0,0.0,143.95833333333334
L2_observed,0.0,0.42857142857142855,0.5,1,1.0,0.0,149.78571428571428
L2_observed,1.0,0.9166666666666666,1.0,1,1.0,0.0,134.54166666666666
L3_private,1.0,0.875,0.8333333333333334,1,1.0,0.0,107.84375
L3_private,0.0,0.5625,0.9166666666666666,1,1.0,0.0,132.75
L3_private,1.0,0.9583333333333334,1.0,1,1.0,0.0,146.95833333333334
L3_private,1.0,1.0,1.0,1,1.0,0.0,158.9090909090909
L3_private,1.0,1.0,1.0,1,1.0,0.0,144.875
L3_private,1.0,0.9583333333333334,1.0,1,1.0,0.0,120.875
L3_private,1.0,1.0,1.0,1,1.0,0.0,169.25
L3_private,1.0,1.0,1.0,1,1.0,0.0,121.25
L3_private,1.0,0.8571428571428571,1.0,1,1.0,0.0,130.78571428571428
L3_private,0.0,0.08333333333333333,0.16666666666666666,1,0.8333333333333334,0.16666666666666666,186.79166666666666
L2_observed,1.0,0.95,1.0,1,1.0,0.0,174.525
L2_observed,0.0,0.4375,0.16666666666666666,1,0.6875,0.3125,141.0
L2_observed,1.0,0.9117647058823529,1.0,1,1.0,0.0,145.44117647058823
L2_observed,1.0,1.0,1.0,1,1.0,0.0,107.5
L2_observed,1.0,0.925,1.0,1,1.0,0.0,164.025
L2_observed,1.0,0.8333333333333334,1.0,1,1.0,0.0,142.23333333333332
L2_observed,0.0,0.7894736842105263,1.0,1,1.0,0.0,177.89473684210526
L2_observed,1.0,0.975,1.0,1,1.0,0.0,161.475
L2_observed,0.0,0.4,0.8333333333333334,1,1.0,0.0,161.625
L2_observed,1.0,1.0,1.0,1,1.0,0.0,145.45454545454547
L2_observed,0.0,0.075,0.5,1,0.925,0.0,14.375
L2_observed,0.0,0.0,0.0,1,0.2,0.0,14.0
L2_observed,0.0,0.11764705882352941,0.5,1,0.38235294117647056,0.0,13.558823529411764
L2_observed,1.0,1.0,1.0,1,0.7142857142857143,0.0,16.75
L2_observed,1.0,0.85,1.0,1,0.5128205128205128,0.0,16.575
L2_observed,0.0,0.6333333333333333,1.0,1,0.17857142857142858,0.0,14.5
L2_observed,1.0,0.8947368421052632,0.6666666666666666,1,0.13513513513513514,0.0,16.92105263157895
L2_observed,0.0,0.35,1.0,1,0.7631578947368421,0.0,15.3
L2_observed,0.0,0.025,0.16666666666666666,1,0.125,0.0,12.75
L2_observed,1.0,0.9090909090909091,1.0,1,0.2727272727272727,0.0,17.181818181818183
L0_none,0.0,0.3181818181818182,0.6666666666666666,0,0.0,0.0,0.0
L0_none,0.0,0.4375,0.8333333333333334,0,0.0,0.0,0.0
L0_none,0.0,0.59375,1.0,0,0.0,0.0,0.0
L0_none,0.0,0.22727272727272727,0.5,0,0.0,0.0,0.0
L0_none,0.0,0.475,1.0,0,0.0,0.0,0.0
L0_none,0.0,0.275,0.8333333333333334,0,0.0,0.0,0.0
L0_none,1.0,0.85,1.0,0,0.0,0.0,0.0
L0_none,0.0,0.425,1.0,0,0.0,0.0,0.0
L0_none,0.0,0.5714285714285714,0.8333333333333334,0,0.0,0.0,0.0
L0_none,0.0,0.2,0.8333333333333334,0,0.0,0.0,0.0
L0_none,0.0,0.35,1.0,0,0.0,0.0,0.0
L0_none,0.0,0.7083333333333334,1.0,0,0.0,0.0,0.0
L0_none,0.0,0.2,0.5,0,0.0,0.0,0.0
L0_none,1.0,1.0,1.0,0,0.0,0.0,0.0
L0_none,0.0,0.5,1.0,0,0.0,0.0,0.0
L0_none,0.0,0.275,0.8333333333333334,0,0.0,0.0,0.0
L0_none,1.0,0.9,1.0,0,0.0,0.0,0.0
L0_none,0.0,0.5,0.5,0,0.0,0.0,0.0
L0_none,0.0,0.23529411764705882,0.5,0,0.0,0.0,0.0
L0_none,0.0,0.475,1.0,0,0.0,0.0,0.0
L0_none,0.0,0.175,0.6666666666666666,0,0.0,0.0,0.0
L0_none,0.0,0.5,0.8333333333333334,0,0.0,0.0,0.0
L0_none,0.0,0.275,0.5,0,0.0,0.0,0.0
L0_none,1.0,0.825,1.0,0,0.0,0.0,0.0
L0_none,0.0,0.7857142857142857,1.0,0,0.0,0.0,0.0
L0_none,0.0,0.5,0.8333333333333334,0,0.0,0.0,0.0
L0_none,0.0,0.6,0.6666666666666666,0,0.0,0.0,0.0
L0_none,1.0,0.875,0.5,0,0.0,0.0,0.0
L0_none,0.0,0.2,0.5,0,0.0,0.0,0.0
L0_none,0.0,0.6,0.8333333333333334,0,0.0,0.0,0.0
L0_none,0.0,0.075,0.16666666666666666,0,0.0,0.0,0.0
L0_none,0.0,0.625,1.0,0,0.0,0.0,0.0
L0_none,0.0,0.05,0.16666666666666666,0,0.0,0.0,0.0
L0_none,1.0,1.0,1.0,0,0.0,0.0,0.0
L0_none,0.0,0.225,0.8333333333333334,0,0.0,0.0,0.0
L0_none,0.0,0.075,0.3333333333333333,0,0.0,0.0,0.0
L0_none,0.0,0.35,0.5,0,0.0,0.0,0.0
L0_none,0.0,0.5,0.5,0,0.0,0.0,0.0
L0_none,0.0,0.11764705882352941,0.3333333333333333,0,0.0,0.0,0.0
L0_none,0.0,0.05,0.16666666666666666,0,0.0,0.0,0.0
L0_none,0.0,0.05,0.3333333333333333,0,0.0,0.0,0.0
L0_none,0.0,0.325,1.0,0,0.0,0.0,0.0
L0_none,0.0,0.4,0.5,0,0.0,0.0,0.0
L0_none,0.0,0.075,0.3333333333333333,0,0.0,0.0,0.0
L0_none,0.0,0.5,0.8333333333333334,0,0.0,0.0,0.0
L0_none,0.0,0.5714285714285714,0.8333333333333334,0,0.0,0.0,0.0
L0_none,0.0,0.1,0.3333333333333333,0,0.0,0.0,0.0
L0_none,0.0,0.625,1.0,0,0.0,0.0,0.0
L0_none,0.0,0.1,0.16666666666666666,0,0.0,0.0,0.0
L0_none,0.0,0.3,0.3333333333333333,0,0.0,0.0,0.0
L2_observed,1.0,0.9318181818181818,1.0,1,0.9534883720930233,0.0,83.36363636363636
L2_observed,1.0,0.8333333333333334,0.9166666666666666,1,0.9791666666666666,0.0,84.79166666666667
L2_observed,1.0,0.9375,1.0,1,1.0,0.0,91.96875
L2_observed,1.0,0.9090909090909091,1.0,1,1.0,0.0,75.81818181818181
L2_observed,1.0,0.95,1.0,1,0.975,0.0,97.35
L2_observed,1.0,0.95,1.0,1,0.95,0.0,79.4
L2_observed,1.0,1.0,1.0,1,1.0,0.0,100.35
L2_observed,0.0,0.375,0.8333333333333334,1,0.5897435897435898,0.0,100.0
L2_observed,1.0,0.9285714285714286,1.0,1,0.8571428571428571,0.0,89.07142857142857
L2_observed,1.0,1.0,1.0,1,1.0,0.0,69.05
L2_observed,1.0,1.0,1.0,1,1.0,0.0,100.125
L2_observed,1.0,1.0,1.0,1,1.0,0.0,87.20833333333333
L2_observed,0.0,0.75,0.5,1,0.875,0.0,109.1
L2_observed,1.0,1.0,1.0,1,1.0,0.0,78.0
L2_observed,1.0,1.0,1.0,1,1.0,0.0,94.925
L2_observed,0.0,0.6,1.0,1,0.675,0.075,99.25
L2_observed,1.0,1.0,1.0,1,1.0,0.0,66.3
L2_observed,1.0,1.0,1.0,1,1.0,0.0,65.83333333333333
L2_observed,1.0,0.8823529411764706,1.0,1,0.8529411764705882,0.0,113.8529411764706
L2_observed,0.0,0.6,1.0,1,0.825,0.0,104.975
L2_observed,1.0,0.95,1.0,1,0.875,0.0,106.85
L2_observed,1.0,0.925,1.0,1,0.975,0.0,94.5
L2_observed,1.0,0.95,1.0,1,0.95,0.0,108.825
L2_observed,0.0,0.65,1.0,1,0.85,0.025,108.225
L2_observed,1.0,1.0,1.0,1,1.0,0.0,78.0
L2_observed,1.0,1.0,1.0,1,1.0,0.0,80.85714285714286
L2_observed,1.0,1.0,1.0,1,1.0,0.0,103.85
L2_observed,1.0,0.875,1.0,1,0.9583333333333334,0.0,79.54166666666667
L2_observed,1.0,0.85,1.0,1,0.975,0.0,101.625
L2_observed,1.0,1.0,1.0,1,1.0,0.0,93.3
L2_observed,1.0,0.975,1.0,1,1.0,0.0,153.575
L2_observed,1.0,0.8333333333333334,1.0,1,1.0,0.0,167.04166666666666
L2_observed,0.0,0.6,1.0,1,0.975,0.025,163.725
L2_observed,0.0,0.5,0.5,1,1.0,0.0,64.0
L2_observed,1.0,0.825,1.0,1,1.0,0.0,169.125
L2_observed,1.0,0.95,1.0,1,1.0,0.0,133.575
L2_observed,0.0,0.8,1.0,1,1.0,0.0,149.65
L2_observed,1.0,1.0,1.0,1,1.0,0.0,102.0
L2_observed,1.0,0.8823529411764706,1.0,1,1.0,0.0,150.2058823529412
L2_observed,0.0,0.675,0.8333333333333334,1,1.0,0.0,150.95
L2_observed,0.0,0.125,0.16666666666666666,1,0.8,0.0,167.25
L2_observed,1.0,0.925,1.0,1,1.0,0.0,152.475
L2_observed,1.0,1.0,1.0,1,1.0,0.0,126.575
L2_observed,0.0,0.55,0.8333333333333334,1,0.95,0.05,160.025
L2_observed,0.0,0.21428571428571427,0.3333333333333333,1,1.0,0.0,168.21428571428572
L2_observed,1.0,1.0,1.0,1,1.0,0.0,141.14285714285714
L2_observed,0.0,0.65,1.0,1,0.95,0.0,137.25
L2_observed,1.0,0.9166666666666666,1.0,1,1.0,0.0,137.375
L2_observed,1.0,0.975,1.0,1,1.0,0.0,152.425
L2_observed,1.0,1.0,1.0,1,1.0,0.0,105.7
L0_none,0.0,0.38636363636363635,0.75,0,0.0,0.0,0.0
L0_none,0.0,0.20833333333333334,0.5,0,0.0,0.0,0.0
L0_none,0.0,0.12903225806451613,0.3333333333333333,0,0.0,0.0,0.0
L0_none,0.0,0.0,0.0,0,0.0,0.0,0.0
L0_none,0.0,0.45,1.0,0,0.0,0.0,0.0
L0_none,0.0,0.225,0.5,0,0.0,0.0,0.0
L0_none,0.0,0.15,0.5,0,0.0,0.0,0.0
L0_none,0.0,0.325,1.0,0,0.0,0.0,0.0
L0_none,0.0,0.14285714285714285,0.0,0,0.0,0.0,0.0
L0_none,0.0,0.025,0.16666666666666666,0,0.0,0.0,0.0
L0_none,0.0,0.1,0.3333333333333333,0,0.0,0.0,0.0
L0_none,0.0,0.20833333333333334,0.5,0,0.0,0.0,0.0
L0_none,0.0,0.05,0.3333333333333333,0,0.0,0.0,0.0
L0_none,1.0,1.0,1.0,0,0.0,0.0,0.0
L0_none,0.0,0.075,0.3333333333333333,0,0.0,0.0,0.0
L0_none,0.0,0.1,0.3333333333333333,0,0.0,0.0,0.0
L0_none,0.0,0.3,0.5,0,0.0,0.0,0.0
L0_none,1.0,0.8333333333333334,0.8333333333333334,0,0.0,0.0,0.0
L0_none,0.0,0.5,1.0,0,0.0,0.0,0.0
L0_none,0.0,0.625,0.5,0,0.0,0.0,0.0
L0_none,0.0,0.15,0.5,0,0.0,0.0,0.0
L0_none,0.0,0.1,0.3333333333333333,0,0.0,0.0,0.0
L0_none,0.0,0.1,0.3333333333333333,0,0.0,0.0,0.0
L0_none,0.0,0.05,0.16666666666666666,0,0.0,0.0,0.0
L0_none,0.0,0.14285714285714285,0.16666666666666666,0,0.0,0.0,0.0
L0_none,0.0,0.2857142857142857,0.5,0,0.0,0.0,0.0
L0_none,0.0,0.125,0.3333333333333333,0,0.0,0.0,0.0
L0_none,0.0,0.125,0.16666666666666666,0,0.0,0.0,0.0
L0_none,0.0,0.1,0.3333333333333333,0,0.0,0.0,0.0
L0_none,0.0,0.7,1.0,0,0.0,0.0,0.0
L0_none,0.0,0.0,0.0,0,0.0,0.0,0.0
L0_none,0.0,0.08333333333333333,0.16666666666666666,0,0.0,0.0,0.0
L0_none,0.0,0.0,0.0,0,0.0,0.0,0.0
L0_none,0.0,0.0,0.0,0,0.0,0.0,0.0
L0_none,0.0,0.05,0.16666666666666666,0,0.0,0.0,0.0
L0_none,0.0,0.0,0.0,0,0.0,0.0,0.0
L0_none,0.0,0.0,0.0,0,0.0,0.0,0.0
L0_none,0.0,0.16666666666666666,0.16666666666666666,0,0.0,0.0,0.0
L0_none,0.0,0.058823529411764705,0.16666666666666666,0,0.0,0.0,0.0
L0_none,0.0,0.05,0.16666666666666666,0,0.0,0.0,0.0
L0_none,0.0,0.0,0.0,0,0.0,0.0,0.0
L0_none,0.0,0.0,0.0,0,0.0,0.0,0.0
L0_none,0.0,0.0,0.0,0,0.0,0.0,0.0
L0_none,0.0,0.0,0.0,0,0.0,0.0,0.0
L0_none,0.0,0.14285714285714285,0.16666666666666666,0,0.0,0.0,0.0
L0_none,0.0,0.14285714285714285,0.16666666666666666,0,0.0,0.0,0.0
L0_none,0.0,0.05,0.16666666666666666,0,0.0,0.0,0.0
L0_none,0.0,0.08333333333333333,0.16666666666666666,0,0.0,0.0,0.0
L0_none,0.0,0.05,0.16666666666666666,0,0.0,0.0,0.0
L0_none,0.0,0.0,0.0,0,0.0,0.0,0.0
L2_observed,0.0,0.22727272727272727,0.5833333333333334,1,0.38636363636363635,0.36363636363636365,87.20454545454545
L2_observed,1.0,0.9166666666666666,0.9166666666666666,1,0.9791666666666666,0.0,109.04166666666667
L2_observed,1.0,0.875,1.0,1,0.90625,0.0,101.6875
L2_observed,1.0,0.8636363636363636,1.0,1,0.9545454545454546,0.0,118.72727272727273
L2_observed,1.0,1.0,1.0,1,1.0,0.0,113.725
L2_observed,0.0,0.275,0.8333333333333334,1,0.75,0.025,111.275
L2_observed,0.0,0.1,0.3333333333333333,1,0.425,0.35,105.45
L2_observed,0.0,0.35,0.3333333333333333,1,0.6666666666666666,0.0,111.575
L2_observed,0.0,0.5714285714285714,0.16666666666666666,1,0.7142857142857143,0.2857142857142857,126.5
L2_observed,0.0,0.6,1.0,1,0.825,0.0,116.975
L2_observed,0.0,0.1,0.3333333333333333,1,0.8,0.05,121.8
L2_observed,1.0,1.0,1.0,1,1.0,0.0,111.83333333333333
L2_observed,1.0,0.925,1.0,1,1.0,0.0,133.4
L2_observed,1.0,1.0,1.0,1,1.0,0.0,66.0
L2_observed,0.0,0.475,0.16666666666666666,1,0.525,0.15,135.85
L2_observed,0.0,0.2,0.3333333333333333,1,0.7,0.0,132.025
L2_observed,0.0,0.8,0.3333333333333333,1,0.95,0.0,112.75
L2_observed,1.0,1.0,1.0,1,1.0,0.0,69.33333333333333
L2_observed,0.0,0.20588235294117646,0.16666666666666666,1,0.6176470588235294,0.08823529411764706,115.41176470588235
L2_observed,1.0,0.9743589743589743,1.0,1,1.0,0.0,116.0
L2_observed,0.0,0.5128205128205128,0.3333333333333333,1,0.775,0.075,123.225
L2_observed,0.0,0.15,0.6666666666666666,1,0.6666666666666666,0.1282051282051282,86.225
L2_observed,0.0,0.10526315789473684,0.5,1,0.75,0.025,103.275
L2_observed,1.0,0.9230769230769231,1.0,1,0.9473684210526315,0.0,72.8
L2_observed,0.0,0.6363636363636364,1.0,1,0.75,0.0,60.214285714285715
L2_observed,1.0,0.9285714285714286,1.0,1,1.0,0.0,90.14285714285714
L2_observed,0.0,0.775,1.0,1,0.8461538461538461,0.0,118.525
L2_observed,1.0,0.9166666666666666,1.0,1,1.0,0.0,108.875
L2_observed,0.0,0.375,1.0,1,0.925,0.0,113.575
L2_observed,0.0,0.2,0.3333333333333333,1,0.9,0.1,127.0
L2_observed,0.0,0.05,0.0,1,1.0,0.0,151.5
L2_observed,0.0,0.2916666666666667,0.5,1,0.9583333333333334,0.041666666666666664,152.625
L2_observed,0.0,0.35,0.8333333333333334,1,0.975,0.025,159.25
L2_observed,0.0,0.5,0.5,1,1.0,0.0,104.0
L2_observed,0.0,0.05,0.16666666666666666,1,0.925,0.075,148.0
L2_observed,0.0,0.025,0.0,1,0.9,0.1,142.7
L2_observed,0.0,0.3,0.3333333333333333,1,0.75,0.25,168.9
L2_observed,0.0,0.16666666666666666,0.16666666666666666,1,0.6666666666666666,0.3333333333333333,106.5
L2_observed,0.0,0.20588235294117646,0.5,1,0.9705882352941176,0.0,187.88235294117646
L2_observed,0.0,0.025,0.16666666666666666,1,0.925,0.075,138.15
L2_observed,0.0,0.175,0.8333333333333334,1,0.6,0.4,186.675
L2_observed,0.0,0.05,0.3333333333333333,1,0.875,0.1,148.75
L2_observed,0.0,0.1,0.3333333333333333,1,0.95,0.05,159.05
L2_observed,1.0,0.975,0.8333333333333334,1,1.0,0.0,178.325
L2_observed,0.0,0.35714285714285715,0.6666666666666666,1,1.0,0.0,149.28571428571428
L2_observed,0.0,0.42857142857142855,0.6666666666666666,1,1.0,0.0,145.28571428571428
L2_observed,0.0,0.175,0.16666666666666666,1,0.875,0.125,176.15
L2_observed,0.0,0.2916666666666667,0.3333333333333333,1,0.75,0.25,167.0
L2_observed,0.0,0.025,0.0,1,0.9,0.075,152.75
L2_observed,0.0,0.4,0.5,1,1.0,0.0,143.0
